slug;categoria;titulo;subtitulo;regiao;distancia;duracao;nivel;tipo;historia;caminho;experiencia;imagem
anita-garibaldi;historicas;Caminhos de Anita e Garibaldi (RS/SC);Uma rota marcada por romance, coragem e liberdade.;Sul de SC / Litoral Sul Catarinense;1.419;6 dias;Intermediário;Asfalto;Inspirado na trajetória intensa de Anita e Giuseppe Garibaldi, este roteiro cruza dois estados e une romance, guerra e liberdade. As estradas acompanham cenários históricos e paisagens variadas, criando uma narrativa envolvente que mistura emoção, história e belas vistas.;Porto Alegre, RS -> Passo de Torres, SC · (197 km) | Passo de Torres, SC -> Imbituba, SC · (314 km) @São João do Sul, Praia Grande, Sombrio, Balneário Gaivota, Araranguá, Balneário Arroio do Silva, Balneário Rincão, Jaguaruna, Tubarão, Laguna | Imbituba, SC -> Lages, SC · (278 km) | Lages, SC -> Anita Garibaldi, SC · (275 km) @Correia Pinto, Ponte Alta, Curitibanos, São José do Cerrito, Capão Alto, Campo Belo do Sul, Cerro Negro | Anita Garibaldi, SC -> Porto Alegre, RS · (355 km);Narrativa intensa | Estradas variadas | Paisagens históricas | Viagem emocional;/src/assets/roteiros/caminhos-de-anita-e-garibaldi.png
aparados-da-serra;cenicas;Aparados da Serra;Natureza selvagem, cânions imponentes e silêncio absoluto.;Aparados da Serra;0;0 dias;Intermediário;Misto;Natureza em estado bruto. Este roteiro leva aos impressionantes cânions dos Aparados da Serra, passando por estradas desertas, clima instável e paisagens de tirar o fôlego. Uma experiência intensa, ideal para quem valoriza aventura, silêncio e cenários naturais grandiosos.;Cambará do Sul -> Cânion Itaimbezinho | Cambará do Sul -> Porto Alegre | Cambará do Sul -> Cânion Fortaleza | Porto Alegre -> Cambará do Sul;Natureza intensa | Estradas desertas | Clima imprevisível | Sensação de liberdade;/src/assets/roteiros/aparados-da-serra.png
caminhos-farroupilhas;historicas;Caminhos Farroupilhas;Estradas que contam a história da formação do Rio Grande do Sul.;Serra Gaúcha / Campos de Cima da Serra;1.652;4 dias;Fácil;Asfalto;Uma viagem pelas estradas que ajudaram a moldar a identidade do Rio Grande do Sul. O roteiro percorre cidades históricas, antigas estâncias e cenários marcados pela Revolução Farroupilha, conectando passado e presente em uma jornada cultural rica. Ideal para quem deseja conhecer a história gaúcha enquanto percorre paisagens rurais, campos abertos e centros históricos cheios de memória.;Porto Alegre -> Pelotas · (389 km) @Guaíba, Camaquã, Rio Grande | Pelotas -> Caçapava do Sul · (249 km) @Piratini | Caçapava do Sul -> Bagé · (564 km) @Rosário do Sul, Alegrete | Bagé -> Porto Alegre · (450 km) @São Lourenço do Sul;Viagem histórica | Contato com a cultura gaúcha | Estradas tradicionais | Aprendizado e reflexão;/src/assets/roteiros/caminhos-farroupilhas.jpg
campanha-gaucha;cenicas;Campanha Gaúcha;Horizontes abertos, campos infinitos e sensação de liberdade.;Campanha Gaúcha;0;0 dias;Fácil;Asfalto;Horizontes abertos, estradas retas e uma sensação constante de liberdade. A Campanha Gaúcha oferece uma experiência única, marcada por campos infinitos, estâncias históricas e um ritmo de viagem contemplativo. Ideal para quem gosta de longos trechos, silêncio e conexão com a paisagem.;Porto Alegre -> Bagé | Santana do Livramento -> Porto Alegre | Aceguá -> Santana do Livramento | Bagé -> Aceguá;Estradas retas | Sensação de liberdade | Cultura campeira | Ritmo contemplativo;/src/assets/roteiros/campanha-gaucha.png
estradas-do-vinho;tematicas;Estradas do Vinho;Vinhedos, tradição e sabores ao longo da Serra Gaúcha.;Serra Gaúcha;0;0 dias;Fácil;Asfalto;Entre vinhedos, cantinas e colinas suaves, este roteiro convida a desacelerar. As Estradas do Vinho passam por cidades que preservam a tradição da imigração italiana, combinando gastronomia típica, vinhos artesanais e paisagens rurais encantadoras. Uma viagem para saborear, apreciar e vivenciar a cultura da Serra Gaúcha.;Garibaldi -> Porto Alegre | Porto Alegre -> Bento Gonçalves | Bento Gonçalves -> Monte Belo do Sul | Monte Belo do Sul -> Garibaldi;Paisagens rurais | Cultura do vinho | Gastronomia local | Ritmo prazeroso;/src/assets/roteiros/estradas-do-vinho.png
imigracao-alema;historicas;Imigração Alemã;Arquitetura, organização e tradições preservadas ao longo do caminho.;Vale do Sinos / Vale do Caí;0;0 dias;Fácil;Asfalto;As estradas da imigração alemã contam a história das primeiras colônias do Rio Grande do Sul. O roteiro passa por cidades organizadas, arquitetura típica e tradições preservadas ao longo dos séculos. Uma viagem cultural, com paisagens urbanas e rurais que refletem disciplina, história e identidade.;Novo Hamburgo -> Ivoti | Ivoti -> Porto Alegre | Porto Alegre -> São Leopoldo | São Leopoldo -> Novo Hamburgo;Cultura germanica | Estradas urbanas e rurais | Viagem curta | Paradas culturais;/src/assets/roteiros/imigracao-alema.png
imigracao_italiana;historicas;Imigração Italiana;Estradas que revelam tradição, trabalho e identidade cultural.;Serra Gaúcha;0;0 dias;Fácil;Asfalto;Estradas que contam a saga dos imigrantes italianos no Rio Grande do Sul. O roteiro atravessa cidades marcadas pelo trabalho, pela fé e pela tradição, revelando paisagens rurais, arquitetura típica e uma forte herança cultural. Uma viagem que combina história, gastronomia e identidade.;Antônio Prado -> Bento Gonçalves | Garibaldi -> Porto Alegre | Porto Alegre -> Caxias do Sul | Caxias do Sul -> Flores da Cunha | Flores da Cunha -> Antônio Prado | Bento Gonçalves -> Garibaldi;Estradas secundárias e rurais | Paradas culturais e gastronômicas | Histórias contadas no próprio lugar | Ritmo confortável, sem pressa;/src/assets/roteiros/imigracao-italiana.png
inverno-na-serra;tematicas;Inverno na Serra de Moto;Clima frio, estradas sinuosas e uma experiência intensa sobre duas rodas.;Serra Gaúcha;0;0 dias;Intermediário;Asfalto;Pensado especialmente para os meses frios, este roteiro explora o charme da Serra Gaúcha no inverno. Neblina, clima europeu, lareiras e estradas sinuosas criam o cenário perfeito para uma viagem intensa e sensorial. Ideal para motociclistas que apreciam pilotagem, clima frio e paisagens dramáticas.;Porto Alegre -> Gramado | Gramado -> Canela | Canela -> São José dos Ausentes | São José dos Ausentes -> Porto Alegre;Clima frio | Paisagens dramáticas | Pilotagem atenta | Sensação de aventura;/src/assets/roteiros/inverno-na-serra-de-moto.png
litoral-norte;cenicas;Litoral Norte;Uma viagem leve entre praias, dunas e o azul do oceano.;Litoral Norte Gaúcho;0;0 dias;Fácil;Asfalto;Uma viagem costeira leve e descontraída. O roteiro combina praias, dunas e cidades litorâneas, com estradas planas e paradas à beira-mar. Perfeito para quem busca brisa do oceano, paisagens abertas e uma experiência mais relaxante.;Capão da Canoa -> Torres | Torres -> Porto Alegre | Porto Alegre -> Capão da Canoa;Brisa do mar | Estradas planas | Paradas a beira-mar | Clima leve;/src/assets/roteiros/litoral-norte-rs.png
moto-e-fotografia;tematicas;Moto & Fotografia;Viajar devagar para enxergar mais;Sul;0;0 dias;Fácil;Misto;Roteiro livre, pensado para quem gosta de rodar sem destino fixo, buscando imagens, detalhes e momentos.;Definido pelo viajante | Paradas espontâneas | Retornos alternativos;Definido pelo viajante | Paradas espontâneas | Retornos alternativos | Viagem sem pressa | Observação do entorno | Fotografia de estrada | Liberdade total;/src/assets/roteiros/moto-e-fotografia.png
o-quatrilho;cinematograficas;O Quatrilho;Paisagens e histórias que deram vida ao cinema brasileiro.;Serra Gaúcha;0;0 dias;Intermediário;Asfalto;Uma viagem pelos cenários que deram vida a um dos filmes mais marcantes do cinema nacional. O roteiro passa por paisagens rurais, cidades históricas e estradas que preservam o clima do final do século XIX. Ideal para fãs de cinema e para quem aprecia histórias humanas profundas em cenários autênticos.;Farroupilha -> Bento Gonçalves | Bento Gonçalves -> Porto Alegre | Caxias do Sul -> Farroupilha | Porto Alegre -> Caxias do Sul;Cinema e história | Estradas rurais | Narrativa envolvente | Viagem cultural;/src/assets/roteiros/o-quatrilho.jpg
revolucao-1923;historicas;Revolução de 1923;Estradas que guardam conflitos e capítulos decisivos da história gaúcha.;Campanha Gaúcha / Sul do RS;1.942;5 dias;Intermediário;Asfalto;Um roteiro marcado por disputas políticas, batalhas e estâncias históricas. As estradas percorrem regiões que foram palco de conflitos importantes para o estado, revelando uma história menos conhecida, porém fundamental para entender o Rio Grande do Sul.;Porto Alegre -> Santa Maria · (334 km) @O Centro Político e Logístico - Cachoeira do Sul | Santa Maria -> Bagé · (303 km) @O Coração do Conflito - São Gabriel | Bagé -> Alegrete · (377 km) @Fronteira e Maragatos - Dom Pedrito, Santana do Livramento, Rosário do Sul | Alegrete -> Cruz Alta · (583 km) @A Fronteira Oeste - Uruguaiana, São Borja | Cruz Alta -> Porto Alegre · (346 km);Campos abertos | História política | Estradas longas | Clima de fronteira;/src/assets/roteiros/revolucao-de-1923.png
rio-do-rastro;serras;Serra do Rio do Rastro;Curvas, altitude e paisagens que tiram o fôlego a cada quilômetro.;Serra Catarinense;0;0 dias;Intermediário;Asfalto;Um dos trechos de serra mais icônicos do Brasil. A estrada da Serra do Rio do Rastro oferece curvas fechadas, mirantes impressionantes e uma mudança radical de paisagem a cada quilômetro. É um roteiro curto, porém intenso, perfeito para quem busca emoção, belas fotos e a sensação única de vencer a serra em meio à neblina e ao verde da Mata Atlântica.;Porto Alegre -> Criciúma | Criciúma -> Porto Alegre;Curvas | Serra | Paisagens | Monumento Rota Biker;/src/assets/roteiros/serra-do-rio-do-rastro.jpg
rota-do-churrasco;tematicas;Rota do Churrasco Gaúcho;Sabores, tradição e a essência da cultura campeira.;Campanha Gaúcha;0;0 dias;Fácil;Asfalto;Mais do que um roteiro, uma celebração da cultura campeira. A Rota do Churrasco Gaúcho atravessa cidades onde o fogo de chão, a tradição e a hospitalidade são parte do dia a dia. Uma viagem saborosa, com paradas estratégicas para conhecer a essência da culinária e do modo de vida gaúcho.;São Leopoldo -> Porto Alegre | Porto Alegre -> Canoas | Canoas -> São Leopoldo;Gastronomia típica | Cultura campeira | Estradas fáceis | Paradas saborosas;/src/assets/roteiros/rota-do-churrasco-gaucho.png
rota-do-pinhao;historicas;Rota do Pinhão;Sabores e Estradas da Serra Gaúcha;Serra Gaúcha;520;3 dias;Intermediário;Asfalto;Maio a Agosto (época do pinhão) - Entre curvas de serra e campos de altitude, a Rota do Pinhão celebra a tradição gaúcha no coração das araucárias. No inverno, o aroma do pinhão assado se mistura ao vento frio da Serra, criando uma experiência única para quem busca sabor, cultura e estradas cinematográficas.;;Gastronomia | Curvas de serra | Trechos de altitude;/src/assets/roteiros/rota-do-pinhao.png
rota-dos-canions;tematicas;Rota dos Cânions;Estradas vertiginosas em meio a paisagens naturais grandiosas.;Aparados da Serra;0;0 dias;Intermediário;Misto;Estradas vertiginosas e natureza bruta definem este roteiro. A Rota dos Cânions leva a alguns dos maiores cânions do Brasil, passando por áreas remotas, mirantes naturais e trechos de estrada que exigem atenção e respeito. Ideal para quem busca aventura, paisagens impressionantes e contato direto com a natureza.;Cambará do Sul -> Serra do Faxinal | Praia Grande (SC) -> Porto Alegre | Porto Alegre -> Cambará do Sul | Serra do Faxinal -> Praia Grande (SC);Pilotagem técnica | Natureza selvagem | Estradas pouco movimentadas | Aventura real;/src/assets/roteiros/rota-dos-canions.png
rota-missoes-jesuiticas;historicas;Rota das Missões Jesuíticas;Uma viagem histórica com um encontro entre fé, cultura indígena e patrimônio histórico.;Região das Missões;2.146;6 dias;Intermediário;Asfalto;Um mergulho profundo na história das Missões Jesuíticas. O roteiro conecta sítios históricos, museus, ruínas e cidades que compartilham uma herança indígena e jesuítica no sul do Brasil, Argentina e Paraguai. Estradas tranquilas, paisagens amplas e um forte valor histórico tornam esta viagem ideal para quem busca conhecimento, reflexão e contato com o patrimônio cultural.;Porto Alegre -> Santo Ângelo · (436 km) @Entre Ijuis | Santo Ângelo -> Porto Xavier · (247 km) @São Miguel das Missões, São Lourenço das Missões, São Nicolau | Porto Xavier -> Posadas (AR) · (242 km) @Ruinas de Santa Maria la Mayor, Guarani Santa Ana, Loreto, San Ignacio, Corpus, Posadas | Posadas (AR) -> San Cosme y Damian (PY) · (370 km) @Encarnacion, La Santissima Trinidad, Jssus de Tavarangue, Santa Rosa, Santa Maria, San Ignacio | San Cosme y Damian (PY) -> Santo Tomé (AR) · (251 km) @Encarnacion (PY) | Santo Tomé (AR) -> Porto Alegre · (600 km);Patrimônio histórico  | Contato cultural profundo | Turismo contemplativo | Viagem internacional | História compartilhada | Estradas longas;/src/assets/roteiros/rota-das-missoes-jesuiticas.png
saneamento-basico;cinematograficas;Saneamento Básico;Cinema, cultura e humor em cenários reais do sul do Brasil.;Serra Gaúcha;0;0 dias;Fácil;Asfalto;Inspirado no filme Saneamento Básico, o Filme, este roteiro mistura cinema, humor e paisagens reais do sul do Brasil. Uma viagem leve, curiosa e cultural, passando por cidades e cenários que ajudaram a contar essa história icônica do cinema nacional.;Bento Gonçalves -> Monte Belo do Sul | Santa Tereza -> Porto Alegre | Monte Belo do Sul -> Santa Tereza | Porto Alegre -> Bento Gonçalves;Cinema nacional | Paisagens reais | Viagem cultural | Curiosidade histórica;/src/assets/roteiros/saneamento-basico.jpg
serra-gaucha;cenicas;Serra Gaúcha;Cidades charmosas, clima europeu e paisagens clássicas.;Serra Gaúcha;0;0 dias;Fácil;Asfalto;Um clássico do turismo no sul do Brasil. A Serra Gaúcha combina curvas suaves, clima europeu, cidades charmosas e excelente infraestrutura turística. Um roteiro versátil, perfeito tanto para quem viaja pela primeira vez quanto para quem deseja revisitar paisagens icônicas.;São Francisco de Paula -> Porto Alegre | Porto Alegre -> Nova Petrópolis | Nova Petrópolis -> Gramado | Gramado -> Canela | Canela -> São Fransciso de Paula;Curvas suaves | Paisagens serranas | Infraestrutura turística | Conforto;/src/assets/roteiros/serra-gaucha.png
vale-do-taquari;cenicas;Vale do Taquari;Rios, vales e cidades acolhedoras em um ritmo tranquilo de viagem.;Vale do Taquari;0;0 dias;Fácil;Asfalto;Um roteiro que acompanha rios, vales e cidades acolhedoras. O Vale do Taquari revela paisagens verdes, estradas tranquilas e um ritmo de viagem perfeito para quem busca descanso e contato com a natureza. Uma opção equilibrada entre contemplação, cultura regional e boa gastronomia.;Estrela -> Teutônia | Lajeado -> Estrela | Porto Alegre -> Lajeado | Teutônia -> Porto Alegre;Estradas sinuosas | Paisagens verdes | Viagem tranquila | Contato com a natureza;/src/assets/roteiros/vale-do-taquari.png
